<application>
  <component name="ProjectJdkTable">
    <jdk version="2">
      <name value="Python 3.7" />
      <type value="Python SDK" />
      <version value="Python 3.7.4" />
      <homePath value="/usr/local/bin/python3.7" />
      <roots>
        <classPath>
          <root type="composite">
            <root url="file:///usr/local/Cellar/python/3.7.4/Frameworks/Python.framework/Versions/3.7/lib/python3.7" type="simple" />
            <root url="file:///usr/local/Cellar/python/3.7.4/Frameworks/Python.framework/Versions/3.7/lib/python3.7/lib-dynload" type="simple" />
            <root url="file:///usr/local/lib/python3.7/site-packages" type="simple" />
            <root url="file:///usr/local/Cellar/protobuf/3.7.1/libexec/lib/python3.7/site-packages" type="simple" />
            <root url="file://$USER_HOME$/Library/Caches/PyCharmCE2019.1/python_stubs/-1199943126" type="simple" />
            <root url="file://$APPLICATION_HOME_DIR$/helpers/python-skeletons" type="simple" />
            <root url="file://$APPLICATION_HOME_DIR$/helpers/typeshed/stdlib/3" type="simple" />
            <root url="file://$APPLICATION_HOME_DIR$/helpers/typeshed/stdlib/2and3" type="simple" />
            <root url="file://$APPLICATION_HOME_DIR$/helpers/typeshed/third_party/3" type="simple" />
            <root url="file://$APPLICATION_HOME_DIR$/helpers/typeshed/third_party/2and3" type="simple" />
          </root>
        </classPath>
        <sourcePath>
          <root type="composite" />
        </sourcePath>
      </roots>
      <additional />
    </jdk>
    <jdk version="2">
      <name value="Python 2.7 (py2)" />
      <type value="Python SDK" />
      <version value="Python 2.7.16" />
      <homePath value="$USER_HOME$/.virtualenvs/py2/bin/python" />
      <roots>
        <classPath>
          <root type="composite">
            <root url="file://$USER_HOME$/.virtualenvs/py2/lib/python2.7" type="simple" />
            <root url="file://$USER_HOME$/.virtualenvs/py2/lib/python2.7/lib-dynload" type="simple" />
            <root url="file:///System/Library/Frameworks/Python.framework/Versions/2.7/lib/python2.7" type="simple" />
            <root url="file:///System/Library/Frameworks/Python.framework/Versions/2.7/lib/python2.7/plat-darwin" type="simple" />
            <root url="file:///System/Library/Frameworks/Python.framework/Versions/2.7/lib/python2.7/lib-tk" type="simple" />
            <root url="file:///System/Library/Frameworks/Python.framework/Versions/2.7/lib/python2.7/plat-mac" type="simple" />
            <root url="file:///System/Library/Frameworks/Python.framework/Versions/2.7/lib/python2.7/plat-mac/lib-scriptpackages" type="simple" />
            <root url="file://$USER_HOME$/.virtualenvs/py2/lib/python2.7/site-packages" type="simple" />
            <root url="file://$USER_HOME$/Library/Caches/PyCharmCE2019.2/python_stubs/1650520613" type="simple" />
            <root url="file://$APPLICATION_HOME_DIR$/helpers/python-skeletons" type="simple" />
            <root url="file://$APPLICATION_HOME_DIR$/helpers/typeshed/stdlib/2" type="simple" />
            <root url="file://$APPLICATION_HOME_DIR$/helpers/typeshed/stdlib/2and3" type="simple" />
            <root url="file://$APPLICATION_HOME_DIR$/helpers/typeshed/third_party/2" type="simple" />
            <root url="file://$APPLICATION_HOME_DIR$/helpers/typeshed/third_party/2and3" type="simple" />
          </root>
        </classPath>
        <sourcePath>
          <root type="composite" />
        </sourcePath>
      </roots>
      <additional ASSOCIATED_PROJECT_PATH="$USER_HOME$/Projects/liuzhao11-medical-notes" />
    </jdk>
    <jdk version="2">
      <name value="Python 3.7 (insight)" />
      <type value="Python SDK" />
      <version value="Python 3.7.4" />
      <homePath value="$USER_HOME$/.virtualenvs/insight/bin/python" />
      <roots>
        <classPath>
          <root type="composite">
            <root url="file://$USER_HOME$/.virtualenvs/insight/lib/python3.7" type="simple" />
            <root url="file://$USER_HOME$/.virtualenvs/insight/lib/python3.7/lib-dynload" type="simple" />
            <root url="file:///usr/local/Cellar/python/3.7.4/Frameworks/Python.framework/Versions/3.7/lib/python3.7" type="simple" />
            <root url="file://$USER_HOME$/.virtualenvs/insight/lib/python3.7/site-packages" type="simple" />
            <root url="file://$USER_HOME$/Library/Caches/PyCharmCE2019.1/python_stubs/633576694" type="simple" />
            <root url="file://$APPLICATION_HOME_DIR$/helpers/python-skeletons" type="simple" />
            <root url="file://$APPLICATION_HOME_DIR$/helpers/typeshed/stdlib/3" type="simple" />
            <root url="file://$APPLICATION_HOME_DIR$/helpers/typeshed/stdlib/2and3" type="simple" />
            <root url="file://$APPLICATION_HOME_DIR$/helpers/typeshed/third_party/3" type="simple" />
            <root url="file://$APPLICATION_HOME_DIR$/helpers/typeshed/third_party/2and3" type="simple" />
          </root>
        </classPath>
        <sourcePath>
          <root type="composite" />
        </sourcePath>
      </roots>
      <additional ASSOCIATED_PROJECT_PATH="$USER_HOME$/Projects/Python/insight" />
    </jdk>
    <jdk version="2">
      <name value="Python 3.6 (py36)" />
      <type value="Python SDK" />
      <version value="Python 3.6.8" />
      <homePath value="$USER_HOME$/.virtualenvs/py36/bin/python" />
      <roots>
        <classPath>
          <root type="composite">
            <root url="file://$USER_HOME$/.virtualenvs/py36/lib/python3.6" type="simple" />
            <root url="file://$USER_HOME$/.virtualenvs/py36/lib/python3.6/lib-dynload" type="simple" />
            <root url="file:///Library/Frameworks/Python.framework/Versions/3.6/lib/python3.6" type="simple" />
            <root url="file://$USER_HOME$/.virtualenvs/py36/lib/python3.6/site-packages" type="simple" />
            <root url="file://$USER_HOME$/Library/Caches/PyCharmCE2019.2/python_stubs/-468111028" type="simple" />
            <root url="file://$APPLICATION_HOME_DIR$/helpers/python-skeletons" type="simple" />
            <root url="file://$APPLICATION_HOME_DIR$/helpers/typeshed/stdlib/3" type="simple" />
            <root url="file://$APPLICATION_HOME_DIR$/helpers/typeshed/stdlib/2and3" type="simple" />
            <root url="file://$APPLICATION_HOME_DIR$/helpers/typeshed/third_party/3" type="simple" />
            <root url="file://$APPLICATION_HOME_DIR$/helpers/typeshed/third_party/2and3" type="simple" />
          </root>
        </classPath>
        <sourcePath>
          <root type="composite" />
        </sourcePath>
      </roots>
      <additional />
    </jdk>
    <jdk version="2">
      <name value="Python 3.6 (paddle)" />
      <type value="Python SDK" />
      <version value="Python 3.6.8" />
      <homePath value="$USER_HOME$/.virtualenvs/paddle/bin/python" />
      <roots>
        <classPath>
          <root type="composite">
            <root url="file://$USER_HOME$/.virtualenvs/paddle/lib/python3.6" type="simple" />
            <root url="file://$USER_HOME$/.virtualenvs/paddle/lib/python3.6/lib-dynload" type="simple" />
            <root url="file:///Library/Frameworks/Python.framework/Versions/3.6/lib/python3.6" type="simple" />
            <root url="file://$USER_HOME$/.virtualenvs/paddle/lib/python3.6/site-packages" type="simple" />
            <root url="file://$USER_HOME$/Library/Caches/PyCharmCE2019.2/python_stubs/437950478" type="simple" />
            <root url="file://$APPLICATION_HOME_DIR$/helpers/python-skeletons" type="simple" />
            <root url="file://$APPLICATION_HOME_DIR$/helpers/typeshed/stdlib/3" type="simple" />
            <root url="file://$APPLICATION_HOME_DIR$/helpers/typeshed/stdlib/2and3" type="simple" />
            <root url="file://$APPLICATION_HOME_DIR$/helpers/typeshed/third_party/3" type="simple" />
            <root url="file://$APPLICATION_HOME_DIR$/helpers/typeshed/third_party/2and3" type="simple" />
          </root>
        </classPath>
        <sourcePath>
          <root type="composite" />
        </sourcePath>
      </roots>
      <additional ASSOCIATED_PROJECT_PATH="$USER_HOME$/Projects/Python/paddle" />
    </jdk>
    <jdk version="2">
      <name value="Python 2.7 (swagger-api)" />
      <type value="Python SDK" />
      <homePath value="$USER_HOME$/Projects/Python/swagger-api/bin/python" />
      <roots>
        <classPath>
          <root type="composite">
            <root url="file://$USER_HOME$/Projects/Python/swagger-api/eggs/tornado-6.0.2-py3.7-macosx-10.14-x86_64.egg" type="simple" />
            <root url="file://$USER_HOME$/Projects/Python/swagger-api/eggs/PyYAML-5.1-py3.7-macosx-10.14-x86_64.egg" type="simple" />
            <root url="file://$USER_HOME$/Projects/Python/swagger-api/bin" type="simple" />
            <root url="file:///usr/local/Cellar/python/3.7.4/Frameworks/Python.framework/Versions/3.7/lib/python3.7" type="simple" />
            <root url="file:///usr/local/Cellar/python/3.7.4/Frameworks/Python.framework/Versions/3.7/lib/python3.7/lib-dynload" type="simple" />
            <root url="file:///usr/local/lib/python3.7/site-packages" type="simple" />
            <root url="file:///usr/local/Cellar/protobuf/3.9.1_1/libexec/lib/python3.7/site-packages" type="simple" />
            <root url="file://$USER_HOME$/Library/Caches/PyCharmCE2019.2/python_stubs/-848527861" type="simple" />
            <root url="file://$APPLICATION_HOME_DIR$/helpers/python-skeletons" type="simple" />
            <root url="file://$APPLICATION_HOME_DIR$/helpers/typeshed/stdlib/2" type="simple" />
            <root url="file://$APPLICATION_HOME_DIR$/helpers/typeshed/stdlib/2and3" type="simple" />
            <root url="file://$APPLICATION_HOME_DIR$/helpers/typeshed/third_party/2" type="simple" />
            <root url="file://$APPLICATION_HOME_DIR$/helpers/typeshed/third_party/2and3" type="simple" />
          </root>
        </classPath>
        <sourcePath>
          <root type="composite" />
        </sourcePath>
      </roots>
      <additional ASSOCIATED_PROJECT_PATH="$USER_HOME$/Projects/Python/swagger-api" />
    </jdk>
  </component>
</application>