<application>
  <component name="PropertiesComponent">
    <property name="FileTemplates.SelectedTemplate" value="HTML File" />
    <property name="PluginConfigurable.selectionTab" value="1" />
    <property name="PyCharm.InitialConfiguration" value="true" />
    <property name="PyCharm.InitialConfiguration.V2" value="true" />
    <property name="PyCharm.InitialConfiguration.V3" value="true" />
    <property name="PyCharm.InitialConfiguration.V4" value="true" />
    <property name="PyCharm.InitialConfiguration.V5" value="true" />
    <property name="PyCharm.InitialConfiguration.V6" value="true" />
    <property name="PyCharm.InitialConfiguration.V7" value="true" />
    <property name="PyCharm.initialConfigurationShown" value="true" />
    <property name="SettingsSearchHistory" value="file&#10;vim&#10;open file" />
    <property name="TrendingPluginsSearchHistory" value="theme&#10;csv&#10;vim&#10;color" />
    <property name="file.gist.reindex.count" value="40818" />
    <property name="fileTypeChangedCounter" value="4" />
    <property name="ideavim.statistics.timestamp" value="1551083018378" />
    <property name="lastTip" value="1" />
    <property name="mt.showStatisticsAgreement" value="true" />
  </component>
  <component name="PyTestFrameworkService">
    <option name="SDK_TO_PYTEST">
      <map>
        <entry key="$USER_HOME$/.virtualenvs/magicpy/bin/python" value="false" />
      </map>
    </option>
    <option name="SDK_TO_NOSETEST">
      <map>
        <entry key="$USER_HOME$/.virtualenvs/magicpy/bin/python" value="false" />
      </map>
    </option>
    <option name="SDK_TO_TRIALTEST">
      <map>
        <entry key="$USER_HOME$/.virtualenvs/magicpy/bin/python" value="false" />
      </map>
    </option>
  </component>
</application>