<application>
  <component name="MaterialThemeConfig">
    <option name="compactDropdowns" value="true" />
    <option name="isCompactMenus" value="true" />
    <option name="isCompactStatusBar" value="true" />
    <option name="isCompactTables" value="true" />
    <option name="isWizardShown" value="true" />
    <option name="pristineConfig" value="false" />
    <option name="settingsSelectedTab" value="1" />
    <option name="selectedTheme" value="SOLARIZED_DARK" />
    <option name="userId" value="-63fb897:1692397ce6b:-8000" />
    <option name="version" value="3.5.0.1" />
  </component>
</application>